id,category,qty
CAPPUCCINO,BEVERAGE,7144
MINERAL WATER(1000ML),BEVERAGE,3633
MASALA CHAI CUTTING,BEVERAGE,2993
MOROCCAN MINT TEA,BEVERAGE,2812
LEMON ICED TEA,BEVERAGE,2687
CAFFE LATTE,BEVERAGE,2523
N R G HOOKAH,BEVERAGE,15
RED BULL ENERGY DRINK,BEVERAGE,2266
BERRY BLAST,BEVERAGE,2216
COUNTRY LEMONADE,BEVERAGE,2017
PINK LEMONADE,BEVERAGE,1554
MIAMI MELONS,BEVERAGE,1427
RED BULL 2+1,BEVERAGE,1224
ULTIMATE HOT CHOCOLATE,BEVERAGE,1211
THE CHOCO LATTE,BEVERAGE,999
MINERAL WATER(500ML),BEVERAGE,967
COOL CALIFORNICA,BEVERAGE,921
TROPICAL SMOOTHIE,BEVERAGE,660
BLUEBERRY BRAIN FREEZER SHAKE,BEVERAGE,622
ESPRESSO,BEVERAGE,613
DOPPIO,BEVERAGE,610
CURRANT COOLER,BEVERAGE,494
STRAWBERRY ICED TEA,BEVERAGE,460
CHAI LATTE,BEVERAGE,433
BLACK CURRANT ICED TEA,BEVERAGE,427
GRENADINE,BEVERAGE,422
MONSOON MALABAR (REG),BEVERAGE,421
IRISH COFFEE,BEVERAGE,393
OCEAN SPECIAL FLOATS W CHOC,BEVERAGE,376
THE AFTER EIGHT SHAKE,BEVERAGE,337
OCEAN SPECIAL FLOAT W VANILLA,BEVERAGE,327
LINDT HOT CHOCOLATE,BEVERAGE,299
3 RED BULL,BEVERAGE,270
JAMAICAN BLUE MT (REG),BEVERAGE,261
MONSOON MALABAR (AULAIT),BEVERAGE,237
ADD HAZELNUT FLAVOUR,BEVERAGE,234
STRAWBERRY LITE SHAKE,BEVERAGE,221
EARL GREY,BEVERAGE,214
APPLE PEAR N LIME,BEVERAGE,193
COSTARICA TARRAZU (REG),BEVERAGE,191
COOKIE CRUMBLE,BEVERAGE,190
KENYA AA (REG),BEVERAGE,190
COLUMBIAN SUPREMO (REG),BEVERAGE,189
FRUIT FROM THE TROPICS,BEVERAGE,179
BAHUT BERRY,BEVERAGE,173
GREEN TEA,BEVERAGE,168
APPLE CARROT N GINGER JUICE,BEVERAGE,162
BRAZIL BOURBONSANTOS (REG),BEVERAGE,156
INDIAN PEABERRY (REG),BEVERAGE,147
MIXED FLAVOUR SINGLE,BEVERAGE,1
CHAMOMILE TEA,BEVERAGE,135
JAMAICAN BLUE MT (AU LAIT),BEVERAGE,125
OCEAN SPECIAL-JAVA BLEND (REG),BEVERAGE,120
M & M SHAKE,BEVERAGE,115
BRAZIL BOURBONSANTOS (AULAIT),BEVERAGE,110
ICED LEMON OR STR CAMOMILE,BEVERAGE,109
OCEAN SPECIAL FRAPPE,BEVERAGE,106
RED BULL 3+2,BEVERAGE,104
COSTARICA TARAZU (AULAIT),BEVERAGE,97
ENG BREAKFAST TEA,BEVERAGE,92
ETHIOPIAN YIRGACHEFFE (REG),BEVERAGE,96
SUMATRA MANDHELING (REG),BEVERAGE,94
VANILLA LITE SHAKE,BEVERAGE,90
CAPPUCCINO GRANDE,BEVERAGE,87
COLUMBIAN SUPREMO (AULAIT),BEVERAGE,86
PEACHES N STRAWBERRIES,BEVERAGE,86
CON PANNA,BEVERAGE,81
ADD WHIPPED CREAM,BEVERAGE,80
KENYA AA (AULAIT),BEVERAGE,80
ADD CARAMEL FLAVOUR,BEVERAGE,79
ORANGINA (250ML),BEVERAGE,76
CINNAMON APPLE TEA,BEVERAGE,74
HOUSEBLEND FULLCITY (REG),BEVERAGE,74
SUGARLESS LEMON ICE TEA,BEVERAGE,73
OCEAN SPECIAL CREAM,BEVERAGE,72
YEMENI OCEAN SPECIAL (REG),BEVERAGE,72
WHITE TEA,BEVERAGE,69
RASPBERRY LITE SHAKE,BEVERAGE,66
INDIAN PEABERRY (AULAIT),BEVERAGE,66
PEPPERMINT TEA,BEVERAGE,64
GHANA HOT CHOCOLATE,BEVERAGE,61
ADD VANILLA FLAVOUR,BEVERAGE,58
OCEAN SPECIAL-JAVA BLEND (AULAIT),BEVERAGE,58
CRANBERY SMOOTHIES,BEVERAGE,57
YEMENI OCEAN SPECIAL (AULAIT),BEVERAGE,52
GINSENG PEACH TEA,BEVERAGE,51
HOUSEBLEND FULLCITY (AU LAIT),BEVERAGE,44
ADD CINNAMON FLAVOUR,BEVERAGE,43
BANGERS N MASH,BEVERAGE,41
ESPRESSO TRIOS,BEVERAGE,41
ETHOPIAN YIRGACHEFFE (AULAIT),BEVERAGE,41
CAFE MIT SCHLAG,BEVERAGE,40
CELERY N ORANGE,BEVERAGE,40
TOMATO CARROT N CELERY,BEVERAGE,40
5 RED BULL,BEVERAGE,34
COLUMBIAN SUP DCAFE (RGLR),BEVERAGE,31
HOUSE BLEND DECAFF (REG),BEVERAGE,30
SUMATRA MANDHELING (AULAIT),BEVERAGE,29
ADD IRISH CREAM FLAVOUR,BEVERAGE,27
HAWAIIAN KONA FANCY(REG),BEVERAGE,27
2 RED BULL,BEVERAGE,22
GUATEMALA ANTIGUA (AULAIT),BEVERAGE,21
GUATEMALA ANTIGUA (REG),BEVERAGE,21
BERRY BULL,BEVERAGE,19
HAWAIIAN KONA FANCY (AU LAIT),BEVERAGE,19
JAVA ESTATES (REG),BEVERAGE,18
COLUMBIAN SUP DCAFE (AU LAIT),BEVERAGE,17
ICE BULL,BEVERAGE,17
JAVA ESTATES (AULAIT),BEVERAGE,17
NEW ORLEANS BLUE (REG),BEVERAGE,15
PEACH BULL,BEVERAGE,1
VARLHONA HOT CHOCOLATE,BEVERAGE,11
BOTTLED WATER (1LITRE),BEVERAGE,10
HOUSE BLEND DE CAFFE (AU LAIT),BEVERAGE,10
NEW ORLEANS BLUE (AULAIT),BEVERAGE,10
WHAT A MELON,BEVERAGE,4
2 AXE TWIST,BEVERAGE,1
DECAFFINATE COFFEE FRAPPE,BEVERAGE,1
MOCAFE HOT CHOCOLATE(SF),BEVERAGE,1
OCEAN SPECIAL SHAKE,FOOD,5914
POUTINE WITH FRIES,FOOD,3741
JR.CHL AVALANCHE,FOOD,3446
B.M.T. PANINI,FOOD,3010
OREO COOKIE SHAKE,FOOD,2259
PHILLYCREAM CHEESE &CHILLY PAN,FOOD,2173
KIT KAT SHAKE,FOOD,1819
COTTAGE CHEESE PANINI,FOOD,1780
COUNTRY ROAST CHICKEN PANINI,FOOD,1436
MAGGI NDLCREAM/ CHEE/GARLIC,FOOD,1373
GARDEN FRESH PANINI,FOOD,1314
GOOEY CHOCOLATE FUDGE,FOOD,1278
TOBLERONE SHAKE,FOOD,1168
THE FERROR ROCHER SHAKE,FOOD,1124
SATAY CHICKEN PANINI,FOOD,1097
LAVA LAVA,FOOD,1072
MAGGI NDL ARRABIATA,FOOD,956
ADD FRIES,FOOD,934
SR.CHL AVALANCHE,FOOD,771
CHICKEN SALAMI PANINI,FOOD,699
NON-VEG CLUB WRAP,FOOD,694
DUTCH TRUFFLE CAKE SHAKE,FOOD,680
MEZE PLATTER,FOOD,657
BUN MASKA & CHAI,FOOD,631
SNICKER BAR SHAKE,FOOD,622
VEG. CLUB WRAP,FOOD,602
BLACK FOREST SHAKE,FOOD,555
THAT CHOCOLATE THING.........,FOOD,551
ORANGE ARRABIATA,FOOD,540
LINDT CHOCOLATE SHAKE,FOOD,523
MT. BROWNIE,FOOD,495
POUTINE WITH WEDGES,FOOD,459
STRAWBERRY CHEESECAKE SHAKE,FOOD,458
LEMON INFUSED CHAR GRILLED VEG,FOOD,441
VERTIGO,FOOD,418
MEDITER RANEAN PANINO,FOOD,390
BAILEYS IRISH SHAKE,FOOD,385
SPANISH OMELETTE BREAKFAST,FOOD,383
CHICKEN SLOUVLAKI WRAP,FOOD,375
SMOKED CHICK & PESTO CREAM CRO,FOOD,370
KHEEMA GHOTALA,FOOD,354
COOKIE MONSTER,FOOD,339
SCRAMBLED EGGS,FOOD,325
CAESARS SALAD WRAP,FOOD,323
ROCKY ROAD SHAKE,FOOD,322
CHUNKY CHOCO CHIP COOKIES,FOOD,304
CLASSIC BELGIAN WAFFLE,FOOD,298
FRENCH FRIES,FOOD,290
TRADITIONAL ITALIAN CRUSTINI,FOOD,290
HASH BROWN OMELETTE,FOOD,277
HERBED CHICKEN PIE,FOOD,254
CHEESE CAKE OF THE WEEK,FOOD,252
VANILLA ICECREAM,FOOD,246
ITALIAN OMELETTE BREAKFAST,FOOD,240
BEAN N NACHO CHILLI,FOOD,236
MAGGI NDLTHAI STYLE,FOOD,234
THE GREAT INDIAN WRAP,FOOD,231
APPLE CINNAMON MUFFIN,FOOD,227
ITALIAN CAPONATA PANINO,FOOD,224
BANANA WALNUT MUFFIN,FOOD,223
CHEESE FONDUE,FOOD,216
SHERRIED GARLIC MUSHROOMS CRUS,FOOD,208
ROMA TOMATO & JALAPENO CROQUE,FOOD,206
NUTELLA CREPES,FOOD,194
HOTDOG WRAP,FOOD,192
STUFFED MUSHROOM,FOOD,194
BUTTER MILK PAN CAKES,FOOD,192
APPLE PIE SHAKE,FOOD,189
SEASONAL FRUITPIE (LOWCAL),FOOD,189
PASTA ARABIATA VEG,FOOD,187
O M G GRILLED BURGER,FOOD,186
POLLO CON AIOLI,FOOD,174
SHERRIED MUSHROOMS CROQUE,FOOD,176
SUNSHINE SHAKE,FOOD,152
CREPES WITH MUSHROOMS,FOOD,149
PASTA ALFREDO VEG,FOOD,136
BUTTERED TOASTS,FOOD,132
HERBED GARDEN PIE,FOOD,130
BLUE BERRY MUFFINS,FOOD,127
CHOCOLATE FONDUE,FOOD,125
THANK GOD ITS A SUNDAE,FOOD,125
JAPANESE YAKITORI WRAP,FOOD,122
HONEYGLAZED CHICK & MUSTERD CR,FOOD,122
SRILANKAN OMELETTE BREAKFAST,FOOD,118
CAJUN CHICKEN CRUSTINI,FOOD,117
CHICKEN BURGER,FOOD,117
TOMATOLINO,FOOD,111
BLACKENED BALTI CHICKEN CRUSTI,FOOD,105
LEBANESE CHICKEN WRAP,FOOD,101
CHICKEN KIBBEH,FOOD,99
GNOCCHI CON POMMODORO,FOOD,97
PCJ PATTY BURGER,FOOD,97
POTATO WEDGES,FOOD,97
OATMEAL AND RAISIN COOKIES,FOOD,96
CREPES MONTE CRISTO,FOOD,94
MAGGI NDL BOLOGNESE,FOOD,94
TIRAMISU,FOOD,93
QUESO CROQUETAS FRITOS,FOOD,90
SALSA WRAP,FOOD,90
PHILADELPHIA CREAM CHEESECAKE,FOOD,83
MEXICAN CHILLI CON CARNE WRAP,FOOD,83
CHOCOLATE ICECREAM,FOOD,82
TENNESSEE CHICKEN WINGS,FOOD,82
SPICED LEMON AND BASIL VELOUTE,FOOD,79
COUS COUS WRAP,FOOD,77
GRILLED CHICKEN SAUSAGES,FOOD,75
ASSORTED TAPAS(2 )VEG,FOOD,73
GREEK GYROS CRUSTINI,FOOD,68
PAN CAKES,FOOD,70
CHAMPINONES CON AJO Y OLIVA,FOOD,69
BBQ CHICKEN WINGS,FOOD,67
CREME BRULEE,FOOD,67
PESTO CREAM,FOOD,67
SUNNY SIDE UP/BULLS EYE,FOOD,62
MUSTARD HONEY MAYO SALAD BOWL,FOOD,61
APPLE N CINNAMON CREPES,FOOD,60
MAC N CHEESE,FOOD,60
ASSORTED TAPAS (2)NONVEG,FOOD,59
MARINATED CHICKEN & AIOLI,FOOD,58
WAIST WATCHING OMELETTE,FOOD,58
CEASAR SALAD BOWL,FOOD,57
CINNA BUNS W CREAM CHESSE FROS,FOOD,57
PESCADO PANINO,FOOD,57
FRENCH VINAIGRETTE SALAD BOWL,FOOD,55
THE CHOC FATHER,FOOD,54
CREPES WITH POTATO LAKTES,FOOD,53
C C C ROMA TOMATO SALAD,FOOD,52
VEG FRITTERS,FOOD,52
ADD ICE CREAM,FOOD,51
ADD SMOKED CHICKEN,FOOD,48
HONEY ROASTED PEANUT BUTTER CK,FOOD,48
MOROCCAN SOY KEBABS,FOOD,48
MASALA OMELETTE,FOOD,47
PASTA ARABIATA NONVEG,FOOD,47
AIOLI SALAD BOWL,FOOD,45
BUNUELOS DE CHIRIZO,FOOD,45
WILD MUSHROOM LINGUINI,FOOD,45
BLACK FOREST CREPES,FOOD,43
SWEET MELON FLAVOUR SINGLE,FOOD,42
PASTA ALFREDO NONVEG,FOOD,40
SAIGON NOODLES,FOOD,40
ASIAN WOK TOSSED SALAD,FOOD,39
HONEY MUSTARD CHICKEN,FOOD,39
ADD COTTAGE CHEESE,FOOD,38
CHEDDAR CHEESE,FOOD,37
CRUMBED TOFU CRUSTINI,FOOD,37
POLLO PELOTA CON TAMATE SALSA,FOOD,36
SUNNY SIDE UP,FOOD,37
COTTAGE CHEESE,FOOD,36
ADD CHICKEN,FOOD,35
MORROCAN SOY KEBABS,FOOD,34
WARM PEPPER & CHICKPEA SALAD,FOOD,34
MUSHROOM,FOOD,33
CHICKEN SAUSAGE,FOOD,32
CHICKEN SALAMI,FOOD,31
HAZELNUT FONDUE,FOOD,30
GNOCCHI SUN-DRIED TOM SAUCE,FOOD,28
AFRICAN OMELETTE BREAKFAST,FOOD,26
TOAST BUTTER,FOOD,26
YIN N YANG FONDUE,FOOD,26
CEREAL KILLER,FOOD,23
FRIED MOZZARELLA,FOOD,23
RUM N RAISIN CHEESE CAKE,FOOD,23
HERBED CHKN POTATOES & CARROTS,FOOD,22
VEG PASTA PESTO,FOOD,22
HONEY & MUSTARD GLAZED CHICKEN,FOOD,21
JUICY LUCY,FOOD,21
MEXICAN CHILLY CREPES,FOOD,19
ANDALUSIAN SAUSAGES,FOOD,19
CURRIED WASHINGTON APPLE SOUP,FOOD,17
PUMPKIN PIE,FOOD,17
SOYA SAMMICH,FOOD,17
ADD CHICKEN SAUSAGE,FOOD,16
SALI PER EDU/PAPETA PER EDU,FOOD,16
SOYA BOLOGNAISE,FOOD,16
CHICKEN DRUMMETS,FOOD,13
LAMB STEW ALIO OLIO LINGUINI,FOOD,13
MAGGI NDL BBQ SAUCE,FOOD,13
SPINACH TEMPURA,FOOD,12
B-BEANS G-TOMATO & WEDGES,FOOD,11
CHOCOLATE REVOLUTION,FOOD,11
ALIO AGLIO,FOOD,10
CAFE ZABAGLIONE,FOOD,9
MAGGI NDL BURMESE CURRY,FOOD,9
POLENTA & CORN CAKES,FOOD,8
3COURSE NON-VEG MEAL,FOOD,7
MUSHROOM & CORN,FOOD,7
RED VELVET CHEESE CAKE,FOOD,7
SCRAMBLED EGGS + BEVERAGE,FOOD,7
3COURSE VEG MEAL,FOOD,6
BEANS NACHO CHILLI W MEAT,FOOD,6
CALAMARI FRITO,FOOD,6
TOAST CIABATA,FOOD,6
CHEESE FINGERS,FOOD,5
CHICKEN HAM,FOOD,5
MOTHERS DAY SPL,FOOD,5
NONVEG PASTA PESTO,FOOD,5
CARROT CAKE,FOOD,4
VEGETABLE PASTA,FOOD,4
2 MUFFINS + BEVERAGE,FOOD,3
J.PCHENET SPARKLING ROSE (BTL),FOOD,3
WAFFLES + BEVERAGE,FOOD,3
NIRVANA HOOKAH DOUBLE,FOOD,2
SCHNEIDER 2+1,FOOD,2
STRAWBERRY MERINGUE,FOOD,2
SUNNY SIDEUP + BEVERAGE,FOOD,2
ADD BUTTERED TOAST,FOOD,1
CAPONATA,FOOD,1
CARLSBERG,LIQUOR,3380
TUBORG,LIQUOR,2855
KF DRAUGHT (1/2LTR),LIQUOR,1520
KF DRAUGHT (1LTR),LIQUOR,1073
KF DRAUGHT PITCHER (2LTR),LIQUOR,611
BUDWEISER,LIQUOR,200
1+1 KF 1/2 LITER,LIQUOR,136
HOEGAARDEN (GLS),LIQUOR,66
HOEGAARDEN MUG (1 LITRE),LIQUOR,53
WHITE SANGRIA (GLS)áááá áááááá,LIQUOR,49
1+1 KF 1 LITER,LIQUOR,48
HOEGAARDEN MUG (1/2 LITRE),LIQUOR,44
STELLA ARTOIS MUG (1/2 LTR),LIQUOR,34
STELLA ARTOIS (GLS),LIQUOR,30
VODKA (SM),LIQUOR,29
CARLSBERG 2+1,LIQUOR,21
TUBORG 2+1,LIQUOR,19
STELLA ARTOIS MUG (1 LTR),LIQUOR,15
ZINZI WHITE (GLS),LIQUOR,15
BEER TANK 3.5 LITRE,LIQUOR,14
TEQUILA,LIQUOR,10
ZINZI RED (GLS),LIQUOR,9
1+1 KF 2 LITER,LIQUOR,7
WHITE RUM (SM),LIQUOR,7
BROOKLYN,LIQUOR,6
WHITE SANGRIA (CARAFE)áááááááá,LIQUOR,6
STELLA 1LTR 2+1,LIQUOR,5
BROOKLYN BUCKET - 4,LIQUOR,4
SCHNEIDER WEISSE,LIQUOR,4
STELLA ARTOIS,LIQUOR,4
UNLIMITED BEER,LIQUOR,4
SCHNEIDER BUCKET - 6,LIQUOR,3
WHISKEY (SM),LIQUOR,2
ZINZI WHITE (BTL),LIQUOR,1
BEER HOOKAH,LIQUOR & TPBACCO,49
2 DOM BEER + 1SPL SHEESHA,LIQUOR & TPBACCO,10
2 DOM BEER + 1PREM SHEESHA,LIQUOR & TPBACCO,2
4 DOM BEER + 1SPL SHEESHA,LIQUOR & TPBACCO,2
OCEAN SPECIAL T-SHIRTS,MERCHANDISE,37
CH NOTE BOOKS,MERCHANDISE,32
CH COFFEE MUGS,MERCHANDISE,27
MUGS - PATTERN,MERCHANDISE,27
CH TINS,MERCHANDISE,26
CH KEY CHAIN,MERCHANDISE,24
SANDASS,MERCHANDISE,19
ROCKSTAR TOOTHPICK HOLDER,MERCHANDISE,16
MUGS - TALL PLAIN,MERCHANDISE,15
MUGS WITH CIRCLE DESIGN,MERCHANDISE,15
MUGS - FLAMES,MERCHANDISE,14
TREE DIARY,MERCHANDISE,13
DAILY BEER GLASSES,MERCHANDISE,12
CH BOOKMARKS SET OF 4,MERCHANDISE,11
MUGS - DOTS,MERCHANDISE,11
MUGS - TOP BOTTOM,MERCHANDISE,11
MUMBAI SHOT GLASSES,MERCHANDISE,11
PLAYING CARDS,MERCHANDISE,11
BHOJPURI SHOT GLASSES,MERCHANDISE,10
RULER DIARY,MERCHANDISE,10
TINS RECT & SMALL CIRCULAR,MERCHANDISE,10
MUGS - CHIP PRINT,MERCHANDISE,9
ZERO SIZE SHOT GLS,MERCHANDISE,9
DAIRY OF A DAIRY,MERCHANDISE,8
GOA GIRLS SHOT GLASS,MERCHANDISE,8
MUGS - STRIPE PLAIN,MERCHANDISE,8
RECESSION BEER MUG SHOT GLS,MERCHANDISE,8
FLAVOUR 500 GMS,MERCHANDISE,7
FLAVORS (100 GMS),MERCHANDISE,6
MM DAIRY GRAMAPHONE,MERCHANDISE,6
COOLER GLASS(PILSNER),MERCHANDISE,5
LASSI DA GLASS,MERCHANDISE,5
LOTUS TEA LIGHT HOLDER,MERCHANDISE,5
MAHATMA COOL,MERCHANDISE,5
BODHI PLANTER CUM CANDLE STAND,MERCHANDISE,4
CH COASTER SET OF 4,MERCHANDISE,4
DAARU BEER GLASS,MERCHANDISE,4
OCEAN SPECIAL ORGANISER,MERCHANDISE,4
PROFESSOR COOL,MERCHANDISE,4
AU LAIT SET,MERCHANDISE,3
BODHI CUSHIONS,MERCHANDISE,3
DAAKU SHOT GLASSES S-O 2,MERCHANDISE,3
FLAVOR 50 GMS,MERCHANDISE,3
MADIBA COOL,MERCHANDISE,3
THUNDER THIGH(JUICE GLS) BLACK,MERCHANDISE,3
TIFFIN DABBA CD RACK (SMALL),MERCHANDISE,3
ANDAMAN STRIPE,MERCHANDISE,2
AVALANCHE BOWL,MERCHANDISE,2
BENARAS GREEN,MERCHANDISE,2
BENARAS LIME,MERCHANDISE,2
CH CRICKET NOTEBOOK,MERCHANDISE,2
CH TIN RECTANGULAR,MERCHANDISE,2
CH TSHIRTS,MERCHANDISE,2
CH WRAPPING PAPER,MERCHANDISE,2
CUTTING GLASS,MERCHANDISE,2
FLAVOR 250 GMS,MERCHANDISE,2
FLEUR SATIN,MERCHANDISE,2
HH COOL,MERCHANDISE,2
JAIPUR LILY,MERCHANDISE,2
JAISALMER LILY,MERCHANDISE,2
JODHPUR LILY,MERCHANDISE,2
MALABAR STRIPE,MERCHANDISE,2
"NAPKIN STAND",MERCHANDISE,2
THUNDER THIGH(JUICE GLS) RED,MERCHANDISE,2
ASH TRAYS,MERCHANDISE,1
BEACH GREEN,MERCHANDISE,1
BENARAS BLUE,MERCHANDISE,1
CH TIN SMALL,MERCHANDISE,1
CHAIRMAN COOL,MERCHANDISE,1
COUNTRY LEMONADE GLASS(HANSA),MERCHANDISE,1
DHARMATEA LIGHT HOLDER,MERCHANDISE,1
DIP BOWL,MERCHANDISE,1
ETCHED LEAF TLIGHT HOLDER,MERCHANDISE,1
FLAVOR 1000 GMS,MERCHANDISE,1
GOLDEN DELIGHT 1.1,MERCHANDISE,1
GUERILLA COOL,MERCHANDISE,1
KITSCH BLUE,MERCHANDISE,1
KITSCH PINK,MERCHANDISE,1
KONKAN STRIPE,MERCHANDISE,1
MODEL-P (IRON ASHTRAY),MERCHANDISE,1
MUGS - PLAIN COLOUR,MERCHANDISE,1
OCEAN SPECIAL MUG SINGLE,MERCHANDISE,1
ROCK THE BOAT TEA LIGHT HOLDER,MERCHANDISE,1
SHAKE GLASS,MERCHANDISE,1
SILVER STYLER 1.0,MERCHANDISE,1
UDAIPUR LILY,MERCHANDISE,1
ZEN ROCK SRE VASE,MERCHANDISE,1
RED BULL 2+1,MISC,1
ORANGE ARRABIATA,MISC,2
ADD ON S,MISC,448
LEMON INFUSED CHAR GRILLED VEG,MISC,3
MEDITER RANEAN PANINO,MISC,2
ITALIAN CAPONATA PANINO,MISC,3
ROMA TOMATO & JALAPENO CROQUE,MISC,1
NUTELLA CREPES,MISC,2
HOTDOG WRAP,MISC,2
PLAIN JANE (CHOCOLATE),MISC,182
ADD HERB ROAST CHICKEN,MISC,179
POLLO CON AIOLI,MISC,2
JAPANESE YAKITORI WRAP,MISC,1
M & M SHAKE,MISC,1
RED BULL SHEESHA,MISC,103
PLAIN JANE (STRAWBERRY),MISC,100
GNOCCHI CON POMMODORO,MISC,1
ENG BREAKFAST TEA,MISC,5
QUESO CROQUETAS FRITOS,MISC,2
PHILADELPHIA CREAM CHEESECAKE,MISC,2
GREEK GYROS CRUSTINI,MISC,2
PLAIN JANES (VANILLA),MISC,69
RASPBERRY LITE SHAKE,MISC,1
KF DRAFT MUG,MISC,49
ROSE FLAVORS SINGLE,MISC,44
ADD POTATO WEDGES,MISC,40
POLLO PELOTA CON TAMATE SALSA,MISC,1
RED SANGRIA (CARAFE) áááááááá,MISC,1
PARTY CHARGES @ 500/-,MISC,23
GUAVA,MISC,22
MEXICAN CHILLY CREPES,MISC,1
PEACH BULL,MISC,13
MM SALSA SHEESHA,MISC,12
ICE BERG SHEESHA,MISC,10
PAAN SHEESHA,MISC,10
ADD TRADITIONAL MEAT FEAST,MISC,9
OCEAN SPECIAL STAMP DAIRY,MISC,9
1 AXE TWIST,MISC,6
ADD CHICKEN BACON,MISC,4
ADD GROUND MEAT,MISC,3
DARK RUM (SM),MISC,3
GIN (SM),MISC,3
FISH FINGER,MISC,2
ROAST CHICKEN SALAD,MISC,2
GRAPPO SHEESHA,MISC,1
HOEGAARDEN GLS (2+1),MISC,1
HOEGAARDEN LTR MUGS (2+1),MISC,1
MANGO FLAVOUR SINGLE,MISC,1
NIRVANA HOOKAH SINGLE,TOBACCO,8686
MINT FLAVOUR SINGLE,TOBACCO,6019
SAMBUCA,TOBACCO,4765
CALCUTTA MINT,TOBACCO,3339
GREEN APPLE FLAVOUR SINGLE,TOBACCO,2590
N R G HOOKAH,TOBACCO,2314
SILVER APPLE SINGLE,TOBACCO,1985
ARABIAN MIST,TOBACCO,1213
MISCHIEF HOOKAH SINGLE,TOBACCO,816
RED WINE SHEESHA,TOBACCO,778
RABAT HOOKAH SINGLE,TOBACCO,710
BLUE BERRY SINGLE,TOBACCO,641
THE CHAMPAGNE SHEESHA,TOBACCO,627
AL SIKANDARI HOOKAH SINGLE,TOBACCO,537
GRAPE FLAVOUR SINGLE,TOBACCO,414
APPLE FLAVOUR SINGLE,TOBACCO,344
STRAWBERRY FLAVOUR SINGLE,TOBACCO,259
WHITE WINE SHEESHA,TOBACCO,176
JUICE HOOKAH SINGLE,TOBACCO,154
MIXED FLAVOUR SINGLE,TOBACCO,142
ORANGE FLAVOUR SINGLE,TOBACCO,117
REDBULL HOOKAH + 2REDBULL,TOBACCO,99
MARRAKESH HOOKAH SINGLE,TOBACCO,78
PEACH FLAVOUR SINGLE,TOBACCO,71
CLASSIC MILD,TOBACCO,67
CHERRY FLAVOUR SINGLE,TOBACCO,66
APRICOT FLAVOUR SINGLE,TOBACCO,54
LEMON FLAVOUR SINGLE,TOBACCO,53
CASABLANKA HOOKAH SINGLE,TOBACCO,52
VALENTINE SPECIAL SHEESHA,TOBACCO,38
BENSON & HEDGES LIGHTS,TOBACCO,37
GOLD FLAKE KING RED,TOBACCO,28
LATE HARVEST SULA CHENIN (GLS),TOBACCO,23
LATE HARVEST SULA CHENIN (BTL),TOBACCO,14
BLUE LAGOON SHEESHA,TOBACCO,12
GOLD FLAKE KING BLUE,TOBACCO,11
GOLD FLAKE KINGS-BIG,TOBACCO,11
BENSON & HEDGES SPL,TOBACCO,9
SPICE SHEESHA,TOBACCO,6
CLASSIC MENTHOL,TOBACCO,4
CLASSIC ULTRA MILD,TOBACCO,4
BENSON & HEGDES GOLD BLUE,TOBACCO,3
GOLD FLAKE LIGHTS-BIG,TOBACCO,3
MINT FLAVOUR DOUBLE,TOBACCO,3
APPLE FLAVOUR DOUBLE,TOBACCO,2
CLASSIC MENTHOL RUSH,TOBACCO,2
ICE SPICE SHEESHA,TOBACCO,2
OCEAN SPECIAL HOOKAH SINGLE,TOBACCO,2
AL SIKANDARI HOOKAH DOUBLE,TOBACCO,1
CLASSIC REGULAR,TOBACCO,1
GOLD FLAKE ULTRA LIGHTS(20),TOBACCO,1
INDIA KINGS OCEAN BLUE,TOBACCO,1
VLN CAB SAUV (GLS),WINES,216
RED SANGRIA (GLS)á áááááááááá,WINES,111
SULA BLUSH ZINFANDEL(GLS),WINES,107
VLN CHENIN BLANC (GLS),WINES,102
VLN SAUV BLANC (GLS),WINES,98
VLN CAB SAUV CLASIQ (GLS),WINES,53
1+1 WINE GLASS,WINES,43
SANGRIA ROSE (GLS),WINES,33
RED SANGRIA (CARAFE) áááááááá,WINES,27
SULA SATORI MERLOT (GLS),WINES,27
1+1 VLN CAB SAUV CLASIQ (GLS),WINES,22
1+1 VLN CHENIN BLANC (GLS),WINES,21
DIA SPARKLING WINE(GLS),WINES,20
SULA CHENIN BLANC (GLS),WINES,14
1+1 GLS 4SEASONS WHITE,WINES,13
SANGRIA ROSE (CARAFE),WINES,13
1+1 VLN CAB SAUV (GLS),WINES,12
B1G1 ZINZI RED (GLS),WINES,12
1+1 GLS 4SEASON RED,WINES,11
SULA BLUSH ZINFANDEL (BTL),WINES,11
1+1 VLN SAUV BLANC (GLS),WINES,10
B1G1 ZINZI WHITE (GLS),WINES,10
VLN CHENIN BLANC (BTL),WINES,10
VLN SAUV BLANC (BTL),WINES,9
VLN CAB SAUV CLASIQ (BTL),WINES,8
4 SEASONS CLAS SYRAH(GLS),WINES,7
SULA BRUT (BTL),WINES,7
VLN CAB SAUV (BTL),WINES,6
4 SEASONS CLAS SAUV(GLS,WINES,4
DIA SPARKLING WINE(BTL),WINES,4
B1G1 ZINZI RED (BTL),WINES,3
B1G1 ZINZI WHITE (BTL),WINES,3
MAISON PIERRE SAUV MARSAN,WINES,3
1+1 BTL4 SEASON WHITE,WINES,2
1+1 VLN CAB SAUV CLASIQ (BTL),WINES,2
1+1 WINE BOTTLE,WINES,2
4 SEASONS CLAS SAUV(BTL),WINES,2
B1G1 4SEASON CLAS SYRAH(GLS),WINES,2
MANDALA VALLEY RED ZINFANDEL(G,WINES,2
SULA SATORI MERLOT (BTL),WINES,2
1+1 VLN CAB SAUV (BTL),WINES,1
1+1 VLN SAUV BLANC (BTL),WINES,1
2 OCEAN PINOTAGE (BTL),WINES,1
4 SEASONS CLAS SYRAH(BTL),WINES,1
B1G1 4SEASON CLAS SAUV(BTL),WINES,1
B1G1 4SEASON CLAS SAUV(GLS),WINES,1
GOSSIPS CHARD AUS (BTL),WINES,1
MANDALA VALLEY CHENIN BLANC(GL,WINES,1
MATEUS ROSE PORTUGAL(BTL),WINES,1
SULA CHENIN BLANC (BTL),WINES,1
